date,PM2.5(微克每立方米), PM10(微克每立方米), SO2(微克每立方米), NO2(微克每立方米), CO(毫克每立方米), O3(微克每立方米), U(m/s), V(m/s), TEMP(K), RH(%), PSFC(Pa),code,
1_1,23.045,28.305,7.85,8.625,0.33,67.815,-8.085,-3.6550000000000002,287.735,75.25,99668.765,700900,
1_2,9.785,13.440000000000001,5.575,8.895,0.24,71.525,-9.7,1.085,289.725,81.7,99563.57500000001,700900,
1_3,9.274999999999999,12.265,5.6850000000000005,9.525,0.22,69.26499999999999,-9.41,2.075,290.715,79.675,99517.19,700900,
1_4,11.385,15.515,8.75,17.105,0.215,58.485,-5.045,3.54,291.58,79.97999999999999,99275.23000000001,700900,
1_5,14.295,23.285,8.765,17.945,0.26,49.765,0.31,-4.855,288.155,92.485,99340.745,700900,
1_6,11.47,16.95,5.765,8.035,0.26,64.985,-8.39,-4.555,288.025,91.78999999999999,99289.725,700900,
1_7,10.165,14.105,6.375,11.415,0.22,65.99000000000001,-7.654999999999999,-0.32000000000000006,290.535,92.485,99068.125,700900,
1_8,41.985,49.675,10.43,18.325000000000003,0.425,51.25,-2.5700000000000003,-3.115,289.37,91.32499999999999,98968.265,700900,
1_9,34.875,40.045,12.02,11.68,0.36,62.105000000000004,0.9850000000000001,-8.39,284.04,72.225,99685.75,700900,
1_10,13.600000000000001,16.915,10.015,11.065000000000001,0.24,71.125,0.765,-7.334999999999999,284.15,55.34,99958.86,700900,
1_11,17.62,21.755,9.68,12.77,0.29,63.67,-1.915,-7.550000000000001,283.015,64.775,100106.5,700900,
1_12,18.785,23.515,10.379999999999999,12.79,0.31,61.849999999999994,-3.865,-7.43,281.98,68.41499999999999,100273.745,700900,
1_13,6.23,9.465,4.79,7.52,0.24,78.405,-7.255,-4.955,283.43,72.66,100131.91,700900,
1_14,5.414999999999999,9.415,5.695,10.675,0.22,76.58,-5.78,-3.54,286.96500000000003,85.92,99702.345,700900,
1_15,7.970000000000001,12.809999999999999,7.755,14.91,0.21,68.69,-5.535,-0.14,289.83,85.75,99273.225,700900,
1_16,18.22,25.380000000000003,17.235,33.019999999999996,0.24,44.555,-0.53,2.2,291.47,74.775,98995.12,700900,
1_17,34.85,44.875,17.384999999999998,31.9,0.365,46.644999999999996,-2.745,-2.1950000000000003,289.945,83.68,99119.26000000001,700900,
1_18,44.925,56.345,10.77,14.245000000000001,0.44,59.59,-6.35,-2.585,290.37,94.68,99278.88500000001,700900,
1_19,32.305,43.47,8.14,13.785,0.35,65.42500000000001,-3.025,-5.58,289.755,98.095,99370.855,700900,
1_20,61.480000000000004,72.255,10.245000000000001,10.870000000000001,0.515,67.755,-5.725,-4.395,289.25,92.785,99262.995,700900,
1_21,51.790000000000006,61.86,10.59,13.454999999999998,0.46,63.835,-6.05,-2.36,290.095,95.08,99037.205,700900,
1_22,63.89,74.015,16.45,19.25,0.54,56.545,0.4,-3.68,288.52,85.675,99045.65,700900,
1_23,26.545,33.92,7.140000000000001,8.4,0.325,69.89500000000001,-6.0600000000000005,-4.57,288.38,87.27000000000001,99162.79000000001,700900,
1_24,30.375,40.144999999999996,6.775,6.545,0.345,65.95,-7.14,-7.72,287.48,90.275,99308.41500000001,700900,
1_25,11.835,19.15,5.955,7.945,0.24,70.195,-7.855,-4.14,288.14,89.99000000000001,99255.545,700900,
1_26,7.585000000000001,16.765,4.59,7.824999999999999,0.23,68.325,-5.775,-7.395,287.23,92.31,99491.33499999999,700900,
1_27,9.045,15.325,5.335,8.375,0.23,69.785,-8.105,-2.475,287.56,87.25,99397.595,700900,
1_28,14.219999999999999,22.81,8.075,17.46,0.27,56.480000000000004,-1.63,-3.27,287.915,88.89500000000001,99105.765,700900,
1_29,44.65,56.18,11.82,18.840000000000003,0.475,45.785,-2.4699999999999998,-9.91,283.855,90.69,99499.88,700900,
1_30,18.395,25.605,6.52,9.19,0.32,66.015,-5.654999999999999,-6.475,284.925,89.54499999999999,99483.83499999999,700900,
1_31,10.92,19.46,5.24,9.28,0.28,69.63,-2.895,-8.215,286.58000000000004,94.91,99335.805,700900,
2_1,47.85,58.8,11.665,15.940000000000001,0.49,51.485,-2.785,-8.58,283.725,88.515,99583.065,700900,
2_2,16.585,22.86,5.895,7.14,0.29,75.705,-4.115,-8.02,284.65,86.805,99716.195,700900,
2_3,55.015,64.815,13.33,15.23,0.51,53.019999999999996,-2.94,-9.045,282.37,86.065,99943.36499999999,700900,
2_4,14.280000000000001,20.54,6.154999999999999,8.075,0.295,68.31,-3.56,-8.05,281.38,85.88,99955.065,700900,
2_5,21.305,27.46,7.785,9.594999999999999,0.33,69.52,-2.92,-8.459999999999999,280.975,83.955,99945.305,700900,
2_6,43.254999999999995,49.894999999999996,12.03,10.75,0.43,72.16499999999999,-4.905,-7.115,281.875,68.41499999999999,99886.63500000001,700900,
2_7,8.05,11.379999999999999,5.805,8.225,0.225,80.58,-7.505,-4.27,283.51,81.39500000000001,99619.10500000001,700900,
2_8,8.89,11.695,6.295,8.0,0.20500000000000002,80.35,-6.62,-4.5600000000000005,284.29499999999996,82.43,99490.16,700900,
2_9,10.87,15.969999999999999,8.745000000000001,15.620000000000001,0.2,68.255,-4.955,0.75,289.01,90.81,99164.85,700900,
2_10,22.090000000000003,30.825,11.19,19.3,0.27,66.41,-0.65,-5.215,287.55,95.75999999999999,99362.005,700900,
2_11,37.42,45.754999999999995,10.530000000000001,10.6,0.4,64.46000000000001,-3.465,-7.77,284.125,80.73,99880.08499999999,700900,
2_12,21.42,25.475,10.489999999999998,11.34,0.28,71.16499999999999,-3.76,-6.21,283.775,57.894999999999996,100260.265,700900,
2_13,14.54,17.560000000000002,8.52,10.655000000000001,0.24,73.14,-7.34,-0.69,284.88,63.585,100037.65,700900,
2_14,13.675,17.35,8.95,14.375,0.225,75.83,-3.3499999999999996,3.82,289.475,71.695,99597.01000000001,700900,
2_15,19.195,25.11,17.91,28.045,0.215,64.17,-2.1,1.61,292.2,65.5,99310.485,700900,
2_16,30.37,38.43,21.145000000000003,31.595,0.245,62.040000000000006,0.08999999999999998,-1.5699999999999998,291.09000000000003,83.66999999999999,99133.555,700900,
2_17,17.6,24.509999999999998,7.1850000000000005,7.12,0.26,75.185,-7.949999999999999,-3.4000000000000004,287.83500000000004,85.465,99442.975,700900,
2_18,17.575,23.725,12.100000000000001,20.905,0.225,67.63499999999999,-2.29,2.71,292.22,70.725,99336.105,700900,
2_19,27.445,35.105000000000004,20.130000000000003,36.36,0.245,55.495,1.2799999999999998,1.45,292.82,61.725,99267.77,700900,
2_20,32.915,41.155,12.65,17.98,0.295,70.71,-3.845,-1.8800000000000001,290.03,88.39,99143.205,700900,
2_21,25.075,34.625,9.74,16.315,0.28500000000000003,62.650000000000006,-0.98,-5.14,288.78999999999996,92.825,99190.03,700900,
2_22,20.37,27.88,6.96,8.27,0.29,69.85,-4.015000000000001,-7.125,287.59000000000003,92.24,99383.975,700900,
2_23,20.18,25.41,8.375,8.375,0.28,74.51499999999999,-5.715,-5.115,288.03,81.92,99589.73999999999,700900,
2_24,22.16,28.384999999999998,13.33,21.67,0.26,64.235,-3.0300000000000002,0.015000000000000013,292.44500000000005,81.11,99488.035,700900,
2_25,25.55,34.135000000000005,13.48,21.28,0.265,69.39,0.35,-5.4,289.1,92.735,99473.45000000001,700900,
2_26,22.555,28.93,6.880000000000001,7.34,0.29,83.59,-5.97,-5.84,287.62,81.33,99610.45,700900,
2_27,17.009999999999998,20.994999999999997,7.08,9.855,0.25,78.655,-6.484999999999999,3.7649999999999997,291.405,76.41,99286.37,700900,
2_28,22.785,29.034999999999997,11.47,21.72,0.26,61.675,1.57,3.0300000000000002,292.865,75.505,98888.7,700900,
3_1,39.28,45.135000000000005,12.155000000000001,13.655000000000001,0.395,73.305,-6.59,0.645,291.765,77.145,98964.41500000001,700900,
3_2,27.585,32.915,9.745000000000001,14.635,0.305,76.715,-3.4050000000000002,3.16,294.245,74.36500000000001,98815.735,700900,
3_3,33.644999999999996,41.245,17.005,29.939999999999998,0.28500000000000003,62.760000000000005,0.88,1.985,294.745,73.78,98757.10500000001,700900,
3_4,25.9,33.06,18.81,32.575,0.22999999999999998,60.980000000000004,-0.41,2.365,296.625,63.585,98846.505,700900,
3_5,20.035,30.87,13.81,26.740000000000002,0.225,39.325,2.975,-1.865,295.11,78.43,98944.685,700900,
3_6,13.625,27.255000000000003,5.49,7.275,0.225,75.24,-5.25,-6.55,289.47,88.825,99499.92,700900,
3_7,8.52,14.84,6.02,9.085,0.19,88.33000000000001,-6.04,-3.5349999999999997,290.54499999999996,85.69,99261.17499999999,700900,
3_8,17.34,23.935000000000002,10.225000000000001,14.395,0.25,73.815,0.695,-8.455,286.81,86.015,99395.42499999999,700900,
3_9,28.035,35.075,11.64,10.76,0.32,70.72,-3.085,-8.27,284.655,70.525,99767.70000000001,700900,
3_10,9.965,13.65,5.375,8.62,0.21,93.21000000000001,-6.25,-3.705,286.72,67.215,99802.86,700900,
3_11,7.58,10.045,5.51,9.6,0.19,90.845,-8.105,0.43499999999999994,289.23,61.805,99738.435,700900,
3_12,5.95,8.08,5.859999999999999,10.92,0.17,85.655,-5.125,3.455,291.04499999999996,68.11500000000001,99467.36,700900,
3_13,7.709999999999999,10.415,7.215,13.29,0.17,80.10499999999999,-4.0649999999999995,3.015,292.46000000000004,66.44999999999999,99277.41500000001,700900,
3_14,6.845000000000001,9.76,5.84,10.92,0.16,79.345,-5.42,4.85,293.70000000000005,70.35,99149.235,700900,
3_15,10.235,15.045,8.600000000000001,15.86,0.17,73.875,-2.62,1.78,293.83,72.42,99029.65,700900,
3_16,22.59,33.005,14.445,25.0,0.23,65.495,-2.6050000000000004,-4.025,291.31,83.67,99219.995,700900,
3_17,14.54,26.21,5.77,8.055,0.235,84.94,-6.705,-4.135,290.155,89.58,99435.92,700900,
3_18,17.619999999999997,24.905,12.309999999999999,20.185,0.215,78.985,-2.17,1.07,294.15,70.815,99163.81,700900,
3_19,34.195,43.515,25.445,37.745000000000005,0.255,71.56,-0.034999999999999996,-0.6499999999999999,294.175,69.93,98827.095,700900,
3_20,33.16,42.3,11.445,17.915,0.325,63.435,-0.735,-5.734999999999999,289.805,96.13,98752.155,700900,
3_21,26.41,31.265,10.780000000000001,11.43,0.31,70.055,4.885,-7.015000000000001,285.6,71.745,99141.51999999999,700900,
3_22,13.34,17.965,10.175,12.805,0.24,83.395,-1.68,-5.234999999999999,285.8,62.6,99293.565,700900,
3_23,22.405,27.515,14.065000000000001,20.134999999999998,0.26,79.475,-4.955,-0.455,288.70500000000004,57.57,99500.23999999999,700900,
3_24,22.91,26.475,10.115,9.965,0.265,91.38499999999999,-8.1,1.49,290.70000000000005,59.81,99629.03,700900,
3_25,15.205,17.93,6.87,8.215,0.22,92.36,-8.690000000000001,2.985,291.43,72.24000000000001,99579.54500000001,700900,
3_26,14.925,18.46,8.315,12.09,0.21,89.61500000000001,-3.6,2.0700000000000003,292.715,69.33500000000001,99355.95999999999,700900,
3_27,18.19,22.59,9.469999999999999,16.415,0.21,80.02,-3.255,-0.9299999999999999,291.625,80.97,99171.405,700900,
3_28,16.655,20.585,7.98,13.485,0.195,84.1,-5.855,-0.855,292.56,81.195,99051.29500000001,700900,
3_29,9.055,13.145,5.725,10.045000000000002,0.16,71.52,-7.880000000000001,1.1300000000000001,293.6,75.28,99040.03,700900,
3_30,10.399999999999999,14.855,4.7,7.365,0.165,82.675,-9.08,-1.975,292.96000000000004,77.05000000000001,99148.13,700900,
3_31,25.845,30.58,5.9399999999999995,8.24,0.225,96.74000000000001,-9.2,-0.735,292.845,71.165,99101.20999999999,700900,
4_1,22.259999999999998,27.555,6.4,10.23,0.21,83.385,-7.325,2.305,293.28499999999997,71.735,98957.38,700900,
4_2,16.925,21.795,8.635,14.105,0.19,78.13,-3.04,2.29,294.01,71.83,98925.205,700900,
4_3,11.91,15.96,8.885,15.165,0.165,70.19999999999999,-1.895,2.7649999999999997,294.855,71.84,98999.97,700900,
4_4,12.215,16.355,9.96,16.765,0.16,67.935,-1.9100000000000001,1.975,294.96500000000003,74.495,98934.125,700900,
4_5,17.665,22.805,13.54,23.060000000000002,0.165,66.105,-0.1,2.045,295.305,71.305,98809.4,700900,
4_6,35.635000000000005,44.655,18.035,32.55,0.26,48.265,-0.03,-4.85,290.87,82.25999999999999,99123.64,700900,
4_7,33.11,36.975,10.335,12.489999999999998,0.24,73.065,-1.415,-7.87,287.21000000000004,58.915,99830.115,700900,
4_8,15.309999999999999,18.275,8.785,10.795,0.22,81.87,-7.6049999999999995,1.075,288.735,61.095,99646.14,700900,
4_9,13.004999999999999,15.76,7.185,11.260000000000002,0.195,88.565,-5.515,4.345,292.025,66.25,99403.72,700900,
4_10,13.075,16.884999999999998,9.32,14.585,0.18,90.12,-2.8499999999999996,3.035,293.825,67.78,99160.805,700900,
4_11,19.365000000000002,24.735,14.14,22.755,0.185,70.03999999999999,-1.125,2.25,296.1,71.495,98895.76,700900,
4_12,22.925,28.990000000000002,18.119999999999997,28.42,0.175,54.405,-0.675,2.1,296.645,76.95,98814.605,700900,
4_13,16.705000000000002,23.495,18.165,29.104999999999997,0.15,45.195,0.43,0.845,298.03999999999996,70.685,98852.07500000001,700900,
4_14,13.42,22.035,17.425,26.869999999999997,0.135,32.595,2.6900000000000004,0.39499999999999996,297.71500000000003,79.22,98703.765,700900,
4_15,31.71,40.685,10.870000000000001,13.82,0.28,57.44,-4.3,-7.525,290.45,90.345,99037.485,700900,
4_16,22.93,27.525,7.545,9.15,0.23,77.525,-6.055,-4.355,290.115,80.92,99214.595,700900,
4_17,15.645,19.675,6.875,9.425,0.2,87.395,-4.125,-4.98,289.70000000000005,85.375,99344.075,700900,
4_18,15.265,18.73,7.5600000000000005,11.49,0.19,88.88,-5.79,-2.235,291.03999999999996,74.505,99248.91,700900,
4_19,12.155,15.19,6.74,10.934999999999999,0.165,89.0,-6.84,0.07499999999999996,292.97,75.99000000000001,99157.625,700900,
4_20,9.625,12.25,5.135,8.46,0.15,89.995,-8.14,2.445,293.70500000000004,76.66,99118.41500000001,700900,
4_21,10.945,15.02,5.96,9.98,0.15,77.78,-5.77,4.779999999999999,296.475,72.845,98927.79500000001,700900,
4_22,12.969999999999999,18.495,10.754999999999999,17.365,0.15,63.129999999999995,-3.125,2.645,297.615,68.195,98763.215,700900,
4_23,16.855,23.575,15.98,27.47,0.15,47.81,0.195,1.2,298.13,68.015,98546.215,700900,
4_24,25.16,35.32,20.03,29.86,0.21,38.385,-0.63,-3.1100000000000003,294.47,87.11,98583.22,700900,
4_25,23.215,31.665,11.204999999999998,13.665,0.25,71.57,-3.02,-5.24,291.815,76.895,98879.48000000001,700900,
4_26,20.0,24.875,10.6,13.21,0.215,91.105,-5.33,-1.45,293.355,69.47,98930.175,700900,
4_27,22.42,26.73,10.905000000000001,15.365000000000002,0.2,85.10499999999999,-5.075,-0.455,294.26,76.025,99135.155,700900,
4_28,21.72,25.42,8.620000000000001,9.66,0.2,95.91499999999999,-7.575,0.715,294.555,78.82,99122.175,700900,
4_29,27.295,32.47,11.614999999999998,16.395,0.2,87.03999999999999,-1.5150000000000001,2.395,296.735,75.815,98873.565,700900,
4_30,34.515,41.485,16.59,26.39,0.21,76.905,0.685,1.225,297.52,72.41499999999999,98868.735,700900,
5_1,39.715,47.79,20.98,32.955,0.215,73.1,0.8,1.0699999999999998,297.875,71.695,98859.535,700900,
5_2,37.475,46.115,22.98,36.015,0.185,55.985,2.755,0.41500000000000004,298.315,75.16499999999999,98824.5,700900,
5_3,32.07,40.650000000000006,11.465,13.39,0.255,82.44999999999999,-5.39,-5.279999999999999,293.04499999999996,88.00999999999999,99256.065,700900,
5_4,10.245000000000001,12.355,5.4,7.470000000000001,0.17,97.76,-9.184999999999999,1.27,294.46,65.575,99339.33,700900,
5_5,12.82,16.169999999999998,6.165,9.165000000000001,0.16,88.455,-4.6850000000000005,4.715,297.115,73.505,99174.025,700900,
5_6,24.96,32.519999999999996,18.2,28.77,0.18,76.88,0.24,1.115,298.355,67.465,98786.9,700900,
5_7,12.765,20.435000000000002,14.75,26.33,0.125,36.565,2.16,1.585,300.205,66.06,98363.33499999999,700900,
5_8,20.425,27.21,13.04,21.590000000000003,0.18,61.989999999999995,1.295,-0.7949999999999999,297.185,76.94,98441.88,700900,
5_9,18.585,25.685000000000002,6.585,9.530000000000001,0.175,88.76,-4.82,-4.425,293.46500000000003,78.99,99103.01999999999,700900,
5_10,17.73,23.950000000000003,4.715,7.945,0.16,81.005,-7.279999999999999,-3.215,293.30499999999995,75.1,99248.365,700900,
5_11,17.05,22.77,7.245,11.855,0.16,78.5,-6.029999999999999,0.03999999999999998,295.115,78.22,98942.4,700900,
5_12,20.85,25.91,10.489999999999998,16.78,0.165,76.67,-1.19,2.31,297.43,71.21,98695.29000000001,700900,
5_13,26.345,32.144999999999996,13.98,26.175,0.18,71.21,2.105,2.04,298.69500000000005,68.32499999999999,98651.285,700900,
5_14,30.34,36.489999999999995,15.505,26.915,0.18,74.915,0.8300000000000001,1.49,298.73,74.065,98663.35,700900,
5_15,30.715,37.83,21.4,34.44,0.17,58.845,0.8700000000000001,0.6,298.885,76.17,98652.135,700900,
5_16,19.439999999999998,26.479999999999997,20.825,31.47,0.135,46.21,0.18,0.31,299.47,77.435,98584.295,700900,
5_17,14.945,21.335,17.4,26.0,0.12,47.305,0.8200000000000001,1.37,299.735,78.245,98498.43,700900,
5_18,17.259999999999998,24.125,17.165,29.685,0.125,43.519999999999996,3.0650000000000004,0.705,299.79499999999996,73.045,98398.82999999999,700900,
5_19,25.135,32.915,24.155,34.364999999999995,0.14,52.675,1.4900000000000002,0.515,299.755,71.86,98411.795,700900,
5_20,31.585,40.135000000000005,27.54,39.540000000000006,0.14500000000000002,47.3,2.045,-0.245,299.17499999999995,78.225,98491.65,700900,
5_21,30.385,38.445,25.35,34.30500000000001,0.15,49.45,0.835,-0.9550000000000001,298.525,80.95,98573.695,700900,
5_22,30.925,38.335,18.535,29.134999999999998,0.165,68.835,0.835,-0.665,298.67,79.035,98568.43,700900,
5_23,38.425,46.519999999999996,15.79,23.89,0.27,65.385,1.02,-1.775,297.25,80.88499999999999,98615.33,700900,
5_24,56.9,63.41,11.55,15.05,0.255,81.53,-4.65,-0.62,297.545,78.11,98586.675,700900,
5_25,47.55,53.965,14.92,23.71,0.23,84.33,1.65,2.0100000000000002,299.46000000000004,74.485,98417.16,700900,
5_26,21.73,27.265,13.325,27.345,0.13,51.295,5.75,2.585,300.345,67.82,98349.47,700900,
5_27,14.895,19.64,11.26,23.155,0.10500000000000001,53.370000000000005,4.220000000000001,2.0700000000000003,301.185,62.91,98361.085,700900,
5_28,23.515,30.35,21.005,33.35,0.135,56.64,1.55,0.525,300.16499999999996,72.8,98449.74,700900,
5_29,20.950000000000003,26.299999999999997,16.43,26.995,0.11499999999999999,55.269999999999996,-0.885,0.6950000000000001,300.015,76.505,98557.11,700900,
5_30,25.075000000000003,31.185000000000002,19.21,32.735,0.13,50.695,1.91,0.775,299.90999999999997,80.75999999999999,98600.495,700900,
5_31,24.905,31.095,16.78,27.8,0.13,50.83,5.0,1.2,300.68,74.71000000000001,98527.42499999999,700900,
6_1,23.84,30.884999999999998,7.425000000000001,9.495000000000001,0.2,103.38499999999999,-2.485,-5.245,296.55499999999995,92.34,98669.995,700900,
6_2,28.82,34.07,7.435,9.940000000000001,0.21,97.66,-4.735,-3.8899999999999997,296.48,85.615,98654.01000000001,700900,
6_3,21.755,26.34,8.19,12.465,0.17,96.5,-4.51,-2.045,298.08,85.295,98431.695,700900,
6_4,17.965000000000003,22.955,9.18,14.495000000000001,0.14500000000000002,88.435,-4.485,-0.675,299.06,80.825,98435.47,700900,
6_5,17.89,21.065,8.290000000000001,13.915,0.13,68.745,-5.4,2.045,299.98,76.91499999999999,98434.215,700900,
6_6,14.8,19.13,11.43,17.79,0.10500000000000001,57.79,-2.48,-0.06,299.94,78.455,98420.57,700900,
6_7,6.66,9.195,6.25,10.82,0.07500000000000001,37.75,-7.33,-0.24,299.80499999999995,81.265,98308.14,700900,
6_8,3.98,7.46,5.779999999999999,9.945,0.08,26.924999999999997,-7.715,-0.45999999999999996,299.525,81.575,97950.405,700900,
6_9,5.494999999999999,12.475000000000001,6.59,11.29,0.08,30.455000000000002,-3.33,-4.25,298.41999999999996,88.245,97609.885,700900,
6_10,9.175,15.09,10.125,16.865000000000002,0.09,32.355000000000004,-0.375,-2.76,298.41499999999996,88.19999999999999,97586.91,700900,
6_11,30.855,38.870000000000005,15.584999999999999,20.130000000000003,0.2,66.83,-1.67,-4.23,297.1,89.93,97746.775,700900,
6_12,59.265,67.13,22.105,17.935,0.35,121.0,-5.765000000000001,-0.30000000000000004,297.595,65.04,98005.91,700900,
6_13,49.985,54.400000000000006,11.54,7.5,0.305,121.125,-10.405000000000001,2.965,298.065,70.99000000000001,97684.45999999999,700900,
6_14,21.89,29.785,5.245,7.005,0.16,93.415,-7.535,-4.09,297.695,86.27,97354.58,700900,
6_15,11.004999999999999,21.9,3.5999999999999996,5.825,0.12,88.43,-3.8499999999999996,-10.46,297.03499999999997,92.475,97367.5,700900,
6_16,10.51,20.73,5.84,9.68,0.12,85.72,-0.295,-5.915,296.58000000000004,85.345,98012.86,700900,
6_17,11.934999999999999,20.68,8.64,15.3,0.13,72.8,-4.9399999999999995,-0.019999999999999962,297.15999999999997,90.93,98069.48000000001,700900,
6_18,10.07,13.87,10.01,17.265,0.13,48.68,-4.859999999999999,3.9450000000000003,299.56,78.57,97907.995,700900,
6_19,12.715,17.96,13.385,26.39,0.14500000000000002,31.455,1.875,4.045,299.36,77.905,97891.73,700900,
6_20,9.525,13.92,10.95,22.305,0.14500000000000002,38.87,4.41,2.945,302.075,62.775,98028.42,700900,
6_21,15.115000000000002,22.09,19.365000000000002,33.239999999999995,0.15,33.175,2.87,0.9,300.085,77.285,98191.7,700900,
6_22,18.685,25.295,22.175,33.575,0.15000000000000002,43.14,-0.09999999999999999,0.905,299.30499999999995,82.28,98309.375,700900,
6_23,17.314999999999998,24.549999999999997,22.57,34.715,0.14500000000000002,31.72,1.26,1.135,300.07500000000005,77.08500000000001,98325.225,700900,
6_24,15.575000000000001,22.229999999999997,21.619999999999997,31.445,0.14,35.245000000000005,1.6300000000000001,1.585,300.05,76.24,98491.375,700900,
6_25,20.9,28.23,24.325000000000003,33.900000000000006,0.14500000000000002,47.245,0.16,0.48,300.32000000000005,75.82499999999999,98613.17,700900,
6_26,18.78,24.92,21.215,28.095,0.125,36.864999999999995,-2.51,1.3,300.095,75.175,98669.66,700900,
6_27,10.125,13.649999999999999,10.71,16.15,0.1,41.985,-1.51,2.4699999999999998,300.29499999999996,70.16499999999999,98516.98999999999,700900,
6_28,12.925,17.174999999999997,12.02,21.675,0.11499999999999999,44.629999999999995,3.01,2.135,300.6,73.3,98264.98000000001,700900,
6_29,13.795,18.21,12.725000000000001,22.72,0.12,49.51,1.35,2.14,300.205,76.13,98001.59,700900,
6_30,19.34,24.16,14.855,23.799999999999997,0.11,52.785,-0.645,0.63,299.7,79.305,97980.525,700900,
7_1,22.22,27.32,13.13,21.8,0.135,66.575,5.425000000000001,-0.405,299.40999999999997,84.08,97892.5,700900,
7_2,7.55,11.07,6.74,13.355,0.135,56.215,9.5,2.95,301.28,68.63,97756.7,700900,
7_3,7.04,10.615,7.390000000000001,17.56,0.14,43.805,8.22,4.68,302.0,62.83,97705.76999999999,700900,
7_4,5.475,9.02,6.335,15.7,0.13,41.455,9.515,4.35,302.065,62.31999999999999,97672.625,700900,
7_5,6.79,11.215,7.470000000000001,18.525,0.13,41.269999999999996,8.895,4.07,301.865,63.24,97687.315,700900,
7_6,8.469999999999999,13.415,9.865,21.509999999999998,0.14,43.855000000000004,6.25,2.785,301.505,67.61500000000001,97737.87,700900,
7_7,21.795,29.314999999999998,25.62,39.61,0.175,48.71,0.765,-0.21,300.14,77.81,97903.475,700900,
7_8,23.47,30.85,27.045,33.835,0.15,46.379999999999995,-2.795,0.94,300.02,78.48,98110.14,700900,
7_9,3.9399999999999995,5.915,5.365,9.780000000000001,0.07500000000000001,26.700000000000003,-7.58,3.2800000000000002,300.095,71.02,98225.32,700900,
7_10,3.855,18.055,6.125,9.82,0.07500000000000001,20.4,0.75,-6.445,298.32,91.82,97789.065,700900,
7_11,3.77,13.765,4.34,7.945,0.08,28.479999999999997,1.755,5.369999999999999,299.78499999999997,83.64,97249.375,700900,
7_12,3.7299999999999995,6.5,4.67,8.605,0.08,33.43,-7.42,5.585,300.39,73.64,98130.76000000001,700900,
7_13,1.92,4.76,3.3200000000000003,5.695,0.07,23.17,-10.845,5.984999999999999,299.76,75.75,98209.805,700900,
7_14,2.225,4.5649999999999995,3.625,6.045,0.07,23.04,-10.57,5.125,299.21500000000003,74.695,98204.985,700900,
7_15,2.3000000000000003,4.51,3.7199999999999998,6.21,0.07,22.425,-10.53,4.29,299.07,74.685,98194.11,700900,
7_16,2.605,7.8549999999999995,4.305,7.01,0.07,20.979999999999997,-10.025,1.67,299.135,85.205,98122.64499999999,700900,
7_17,2.05,7.615,3.625,5.93,0.07,20.105,-11.004999999999999,3.01,299.495,81.82,98019.03,700900,
7_18,3.09,8.780000000000001,5.0600000000000005,8.345,0.07500000000000001,20.869999999999997,-8.91,1.375,299.475,80.795,98105.14,700900,
7_19,4.05,8.845,6.26,10.275,0.08,20.335,-7.355,0.5449999999999999,299.415,79.66,98192.86,700900,
7_20,6.654999999999999,11.285,8.325,13.405000000000001,0.08,27.869999999999997,-3.67,-2.705,298.675,84.98,97994.0,700900,
7_21,14.765,21.15,10.780000000000001,18.990000000000002,0.09,52.265,2.455,-2.27,298.86,90.04,97562.275,700900,
7_22,22.14,29.84,24.225,33.465,0.14,40.385000000000005,-0.010000000000000002,1.0750000000000002,300.18,77.435,97576.565,700900,
7_23,24.495,29.854999999999997,15.07,24.049999999999997,0.15,63.370000000000005,3.755,1.9300000000000002,300.65999999999997,74.51,97813.535,700900,
7_24,21.880000000000003,27.345,16.065,25.46,0.15,66.16499999999999,-1.1,1.0899999999999999,300.335,74.125,98175.055,700900,
7_25,21.545,26.880000000000003,15.205,23.66,0.14,59.815,-2.205,1.26,300.185,77.95500000000001,98242.765,700900,
7_26,15.885000000000002,20.415,12.585,19.425,0.11499999999999999,59.120000000000005,-1.3250000000000002,1.81,300.295,77.92,98231.11499999999,700900,
7_27,29.955000000000002,36.46,19.990000000000002,30.11,0.14500000000000002,65.06,0.565,0.57,299.83500000000004,81.375,98219.845,700900,
7_28,33.605,40.005,18.545,27.805,0.15,69.785,1.195,0.6000000000000001,299.64,82.96,98176.41,700900,
7_29,36.445,43.075,19.15,28.795,0.155,67.14,3.075,0.245,299.78999999999996,81.48,98061.0,700900,
7_30,34.295,40.480000000000004,16.0,25.46,0.155,73.27000000000001,4.92,1.175,300.19,81.10499999999999,98024.725,700900,
7_31,21.935000000000002,26.89,11.879999999999999,21.89,0.13,65.005,6.1899999999999995,2.15,300.56,76.995,97975.58499999999,700900,
8_1,25.65,30.765,12.754999999999999,21.035,0.17,83.195,6.455,1.44,300.98,74.82,97868.295,700900,
8_2,29.67,34.855000000000004,12.844999999999999,19.605,0.195,91.815,6.970000000000001,2.01,300.97,76.47999999999999,97794.655,700900,
8_3,24.375,29.61,14.495000000000001,24.564999999999998,0.175,72.275,1.86,1.85,301.0,73.945,97832.67,700900,
8_4,29.619999999999997,36.695,24.205,35.85,0.18,60.84,1.12,0.29,300.255,82.535,98028.315,700900,
8_5,29.2,34.785,17.545,25.58,0.17,73.235,-1.81,1.2149999999999999,300.37,78.56,98125.115,700900,
8_6,12.11,14.919999999999998,9.045,13.58,0.095,51.625,-4.215,2.605,300.065,79.21000000000001,98069.835,700900,
8_7,11.665,13.934999999999999,7.73,13.36,0.065,38.915,-5.51,0.865,299.86,76.12,98013.285,700900,
8_8,16.975,19.945,9.635,16.225,0.07,41.46,-4.51,-0.18000000000000002,299.635,77.56,98006.005,700900,
8_9,22.630000000000003,26.36,11.355,19.58,0.09,48.7,-2.98,0.009999999999999981,299.595,75.685,98011.88,700900,
8_10,33.120000000000005,38.355000000000004,15.719999999999999,26.525,0.13,54.599999999999994,-1.06,-0.64,299.505,75.995,97910.45000000001,700900,
8_11,33.065,38.585,16.235,27.4,0.14500000000000002,53.11,0.265,-1.915,299.725,82.58000000000001,97596.12,700900,
8_12,48.995000000000005,55.17,15.42,21.965,0.24,81.25,4.955,0.29,299.845,84.69,97211.06,700900,
8_13,24.455,30.14,15.09,22.97,0.165,61.29,-2.9850000000000003,0.885,300.875,74.51499999999999,97384.195,700900,
8_14,17.97,24.665,18.795,28.895,0.14,37.005,-1.71,-1.0,300.22,83.03999999999999,97445.98000000001,700900,
8_15,14.594999999999999,21.68,15.175,24.725,0.155,48.245000000000005,4.87,0.495,300.28,83.05,97533.97,700900,
8_16,11.395,16.845,9.25,18.16,0.155,51.53,7.220000000000001,2.035,300.195,81.42,97483.625,700900,
8_17,18.395,23.71,13.82,26.35,0.17,49.385000000000005,3.34,2.5,301.28499999999997,69.58500000000001,97437.235,700900,
8_18,21.369999999999997,27.89,19.35,35.14,0.18,42.495000000000005,3.125,0.375,299.985,81.585,97732.37,700900,
8_19,29.725,36.44,26.335,38.845,0.2,51.055,-0.08499999999999999,0.71,299.455,84.03,97886.065,700900,
8_20,23.185,28.494999999999997,17.185,27.745,0.17,55.269999999999996,-0.64,-0.44999999999999996,299.62,83.31,97801.76500000001,700900,
8_21,21.55,26.775,16.580000000000002,26.615000000000002,0.15,58.019999999999996,-1.65,-0.035,299.88,81.35,97541.36,700900,
8_22,11.649999999999999,14.7,9.940000000000001,17.11,0.12,50.9,-5.42,0.010000000000000009,300.08000000000004,82.265,97423.315,700900,
8_23,11.614999999999998,15.66,7.555,11.745,0.14500000000000002,57.879999999999995,-3.885,-2.775,300.325,86.905,97080.08499999999,700900,
8_24,24.685000000000002,28.515,12.825,16.485,0.22,73.66,0.76,3.365,300.095,86.055,97009.1,700900,
8_25,35.14,40.165000000000006,16.125,17.494999999999997,0.26,99.42500000000001,2.565,1.375,300.47,78.45,97323.79,700900,
8_26,51.575,58.66,21.595,30.82,0.3,86.965,0.9,1.38,299.46000000000004,86.89,97415.98,700900,
8_27,14.64,19.939999999999998,13.27,22.494999999999997,0.15,32.475,-2.0949999999999998,3.4350000000000005,299.4,84.83500000000001,97748.535,700900,
8_28,6.13,9.845,8.51,15.895,0.11,31.494999999999997,-3.97,4.88,300.235,73.84,98096.095,700900,
8_29,15.435,22.369999999999997,21.875,30.79,0.15,33.55,-0.935,1.68,299.68,73.62,98149.89,700900,
8_30,12.485,18.02,16.91,26.125,0.135,40.31,-1.525,1.405,300.455,70.86500000000001,98418.285,700900,
8_31,21.86,29.28,25.595,35.46,0.17,47.445,-0.05500000000000001,0.8700000000000001,299.51,73.685,98697.1,700900,
9_1,20.04,25.585,18.4,29.75,0.155,46.685,0.7949999999999999,1.3250000000000002,299.395,70.255,98584.36,700900,
9_2,16.46,21.605,16.215,27.795,0.14500000000000002,44.510000000000005,2.77,1.6800000000000002,299.335,73.945,98281.125,700900,
9_3,11.03,15.120000000000001,10.665,21.22,0.12,45.285,6.904999999999999,2.71,299.575,74.18,98046.115,700900,
9_4,18.619999999999997,23.735,14.879999999999999,24.47,0.16,62.935,5.755,1.85,300.91499999999996,69.68,97955.15,700900,
9_5,49.905,58.295,25.5,33.0,0.255,85.81,-0.865,0.295,299.725,83.74000000000001,98089.755,700900,
9_6,41.4,46.9,17.56,22.955,0.245,77.23,-3.245,1.12,299.53499999999997,81.34,98105.815,700900,
9_7,23.85,28.41,14.8,23.03,0.14,62.870000000000005,-1.245,1.05,299.385,83.985,98160.405,700900,
9_8,24.375,29.005,14.42,23.355,0.15000000000000002,60.269999999999996,-3.875,-0.9550000000000001,298.6,85.72999999999999,98272.32500000001,700900,
9_9,10.625,15.955,5.225,8.695,0.18,89.785,-5.71,-7.725,297.84000000000003,89.28999999999999,98439.61,700900,
9_10,8.655000000000001,13.524999999999999,4.01,6.0649999999999995,0.16,97.295,-6.82,-7.970000000000001,298.065,87.50999999999999,98540.585,700900,
9_11,6.615,8.785,4.5649999999999995,7.475,0.095,49.935,-8.975000000000001,3.885,299.555,78.695,98265.025,700900,
9_12,4.17,6.465,5.109999999999999,8.299999999999999,0.08,34.905,-6.8,4.745,300.145,72.125,98406.60500000001,700900,
9_13,3.43,5.905,5.285,9.49,0.08,27.65,-7.895,3.02,299.555,76.345,98482.04000000001,700900,
9_14,3.44,7.76,5.24,9.465,0.08,27.985,-8.295,-1.445,298.65,83.595,98491.56,700900,
9_15,1.76,11.84,3.2,5.655,0.07,26.235,-12.395,-2.225,298.845,89.78,98237.975,700900,
9_16,1.56,7.275,3.065,5.79,0.07,30.615000000000002,-11.915,4.42,299.685,84.12,98348.97,700900,
9_17,2.61,5.91,4.285,8.059999999999999,0.08,34.395,-7.785,6.05,300.71500000000003,75.755,98733.9,700900,
9_18,4.47,7.175000000000001,6.345000000000001,11.485,0.08,29.435,-6.4399999999999995,3.0949999999999998,299.49,76.59,98932.34,700900,
9_19,4.85,6.824999999999999,6.220000000000001,11.57,0.08,28.815,-7.385,2.525,299.12,75.28,98811.51999999999,700900,
9_20,6.96,9.865,8.48,14.23,0.08499999999999999,41.095,-3.085,2.45,299.57,74.35499999999999,98608.72,700900,
9_21,16.32,21.43,14.105,23.905,0.125,54.254999999999995,-0.125,2.02,298.995,79.44,98687.48999999999,700900,
9_22,21.009999999999998,26.38,16.435,25.759999999999998,0.13,62.08,-0.76,0.62,298.85,81.245,98870.36,700900,
9_23,16.97,21.630000000000003,14.985,24.72,0.11499999999999999,44.135,-2.11,-0.465,298.74,81.61,98779.76000000001,700900,
9_24,13.735,18.905,5.515000000000001,9.0,0.15,87.68,-6.445,-7.01,297.96500000000003,86.01,98572.75,700900,
9_25,10.955,18.925,4.1,5.74,0.17,95.69,-5.105,-9.135,297.315,87.385,98428.63500000001,700900,
9_26,10.32,21.439999999999998,4.3,6.305,0.18,93.58,-2.065,-10.024999999999999,296.64,90.185,98324.055,700900,
9_27,8.02,20.085,3.8099999999999996,5.885,0.16,88.255,-1.8250000000000002,-10.415,296.645,89.855,98293.55,700900,
9_28,7.22,21.810000000000002,3.67,5.960000000000001,0.15,89.145,0.095,-10.835,296.53499999999997,92.815,98163.03,700900,
9_29,10.985,23.075000000000003,6.845000000000001,10.75,0.19,90.82,5.385,-8.97,296.28499999999997,85.08000000000001,98117.07,700900,
9_30,19.235,24.825000000000003,12.22,13.39,0.23,94.81,-0.64,-5.93,295.545,70.66,98652.84,700900,
10_1,31.17,37.14,13.195,12.41,0.27,94.32,-5.505000000000001,-2.92,295.73,69.66999999999999,98955.60500000001,700900,
10_2,21.915,26.615000000000002,11.725000000000001,9.85,0.29,82.43,-5.58,-5.205,295.145,67.715,99087.995,700900,
10_3,12.17,16.615000000000002,5.685,7.35,0.22,92.33000000000001,-4.905,-6.9350000000000005,294.77,75.99000000000001,99005.76,700900,
10_4,8.665,19.39,4.21,6.22,0.21,96.83,2.19,-11.030000000000001,295.095,87.68,98477.215,700900,
10_5,16.189999999999998,22.45,11.975000000000001,15.42,0.24,79.07499999999999,6.135,-2.81,294.875,84.41499999999999,98431.17,700900,
10_6,17.035,21.78,10.719999999999999,12.855,0.25,90.35,-4.295,-4.59,295.775,74.315,98889.785,700900,
10_7,17.57,23.810000000000002,8.655000000000001,9.555,0.25,90.86500000000001,-5.970000000000001,-4.6850000000000005,295.54499999999996,86.87,98981.76,700900,
10_8,13.095,18.145000000000003,6.6850000000000005,10.34,0.21,79.705,-5.9350000000000005,-3.505,295.53,90.595,98951.9,700900,
10_9,16.675,21.12,8.295,13.695,0.20500000000000002,76.47,-5.52,-1.865,295.58,86.935,98902.54500000001,700900,
10_10,23.075,28.22,9.165,12.625,0.235,83.14,-5.005,-4.0,295.02,87.825,99021.995,700900,
10_11,10.86,18.520000000000003,5.78,6.805,0.225,82.76,-4.85,-9.11,293.645,91.52,99296.56,700900,
10_12,7.235,12.469999999999999,4.77,6.6,0.2,81.53999999999999,-6.78,-7.04,293.20500000000004,87.14,99453.125,700900,
10_13,7.664999999999999,11.91,4.74,6.665,0.19,93.34,-8.004999999999999,-4.42,294.03999999999996,84.72,99361.98,700900,
10_14,9.195,13.415,5.41,8.03,0.19,95.05,-8.115,-2.115,294.945,85.16499999999999,99174.26999999999,700900,
10_15,9.69,15.23,6.275,10.375,0.18,91.015,-5.545,-3.55,295.065,90.705,99020.255,700900,
10_16,16.634999999999998,22.535,11.205,17.955,0.21,84.11500000000001,-2.025,-3.605,294.66999999999996,91.46000000000001,98871.625,700900,
10_17,24.845,33.33,8.95,9.115,0.28,83.27000000000001,-2.09,-7.69,293.61,89.995,98885.285,700900,
10_18,22.77,28.46,9.545,7.6,0.27,86.255,-5.865,-6.895,293.45500000000004,79.6,99175.32,700900,
10_19,11.969999999999999,16.285,6.65,7.914999999999999,0.23,83.72999999999999,-7.055,-5.48,292.81,79.16,99483.66,700900,
10_20,7.605,11.065,5.890000000000001,9.74,0.20500000000000002,83.14,-5.925,-4.41,292.83,78.645,99522.60500000001,700900,
10_21,7.86,11.879999999999999,7.8549999999999995,13.809999999999999,0.19,79.14500000000001,-4.625,-2.305,293.645,79.855,99352.195,700900,
10_22,15.360000000000001,20.53,15.34,26.345,0.2,72.64500000000001,-0.52,0.385,294.99,78.82499999999999,99103.555,700900,
10_23,29.015,38.875,16.9,26.43,0.305,65.12,0.15000000000000002,-4.645,294.06,92.22999999999999,99171.91,700900,
10_24,12.085,17.95,7.955,11.385,0.21,83.765,-3.8,-4.73,294.1,86.72,99259.31,700900,
10_25,16.195,21.16,8.56,13.14,0.2,77.78,-6.165,-0.725,295.05,83.67,99210.58,700900,
10_26,31.27,37.655,15.39,20.565,0.26,72.66,0.20500000000000002,-1.2149999999999999,295.185,83.515,99175.33499999999,700900,
10_27,30.509999999999998,36.16,13.875,12.995000000000001,0.305,65.315,-3.4450000000000003,-7.365,293.415,64.82,99446.76999999999,700900,
10_28,13.605,17.49,11.02,12.155,0.23,76.005,-3.575,-5.75,292.25,59.715,99253.2,700900,
10_29,20.29,24.990000000000002,13.02,12.425,0.255,75.78,-6.050000000000001,-4.505,293.085,56.665,99076.08,700900,
10_30,20.494999999999997,24.884999999999998,10.535,7.8549999999999995,0.25,84.85499999999999,-9.52,-5.300000000000001,294.08000000000004,67.61,99111.565,700900,
10_31,12.415,18.985,5.869999999999999,5.815,0.215,82.96000000000001,-9.11,-8.245000000000001,292.75,89.285,99195.91,700900,
11_1,8.754999999999999,16.16,5.15,5.53,0.2,81.61500000000001,-9.25,-8.95,291.605,92.25,99356.91,700900,
11_2,6.76,15.629999999999999,4.035,6.325,0.2,81.465,-10.094999999999999,-5.615,293.81,93.68,99249.29999999999,700900,
11_3,7.32,15.175,7.285,13.125,0.16,64.875,-6.175,-2.04,295.635,90.67500000000001,99131.985,700900,
11_4,8.63,17.535,9.3,17.66,0.165,68.58,-2.25,-3.8049999999999997,294.66999999999996,93.19,99171.61499999999,700900,
11_5,6.49,15.975,6.3,11.565,0.17,83.91,-5.645,-3.225,295.15999999999997,93.4,99207.95000000001,700900,
11_6,6.22,12.745000000000001,5.98,10.655,0.17,83.965,-7.6,-1.1400000000000001,295.845,88.32,99270.06,700900,
11_7,8.875,13.434999999999999,9.129999999999999,16.79,0.165,70.3,-4.15,1.605,296.99,77.82499999999999,99258.66,700900,
11_8,31.055,39.370000000000005,15.16,25.63,0.28500000000000003,51.955,-0.515,-0.8200000000000001,294.675,88.16499999999999,99238.06,700900,
11_9,56.485,66.29,16.09,13.21,0.455,56.035,-6.109999999999999,-5.74,293.275,91.62,99414.035,700900,
11_10,43.78,52.19,11.425,10.870000000000001,0.375,64.455,-7.945,-3.285,294.32,91.225,99401.065,700900,
11_11,19.55,24.17,10.46,17.59,0.22999999999999998,67.905,-4.75,1.81,295.62,78.625,99196.88500000001,700900,
11_12,44.97,54.795,18.16,32.410000000000004,0.37,43.16,-1.725,-2.0949999999999998,293.475,90.63,99077.84,700900,
11_13,24.365,31.61,9.265,9.559999999999999,0.29,70.28,-5.005,-6.1899999999999995,292.37,89.475,99132.86,700900,
11_14,12.085,16.73,7.3100000000000005,9.305,0.24,73.88,-5.84,-4.609999999999999,291.88,83.06,99312.33499999999,700900,
11_15,10.78,14.74,8.465,13.56,0.21,71.49000000000001,-5.925,-1.4849999999999999,292.975,81.16,99313.395,700900,
11_16,18.284999999999997,24.049999999999997,12.74,19.85,0.24,64.07499999999999,-3.55,-1.8250000000000002,294.045,81.08,99220.07,700900,
11_17,13.68,21.155,9.17,12.43,0.24,64.91,-4.57,-4.205,293.265,89.75,99318.555,700900,
11_18,16.7,23.985,14.795,25.035,0.225,60.224999999999994,-1.815,-0.8400000000000001,295.07000000000005,85.18,99182.345,700900,
11_19,28.785,39.644999999999996,14.325,23.875,0.34,47.97,-1.1800000000000002,-6.8500000000000005,292.09000000000003,92.67,99423.255,700900,
11_20,17.509999999999998,22.509999999999998,8.51,9.405000000000001,0.25,74.965,-7.57,-2.055,292.325,86.50999999999999,99427.22,700900,
11_21,26.985,32.93,13.89,17.06,0.28500000000000003,66.14500000000001,-0.45499999999999996,0.63,293.70500000000004,84.21000000000001,99219.18,700900,
11_22,58.245000000000005,68.525,19.485,19.085,0.455,46.505,-2.205,-7.705,290.83500000000004,82.5,99563.61,700900,
11_23,7.725,13.315,5.225,7.635,0.19,83.66499999999999,-7.85,-4.34,290.935,89.735,99559.045,700900,
11_24,6.695,10.515,5.51,8.335,0.18,83.285,-9.260000000000002,-1.095,292.59,85.465,99521.9,700900,
11_25,6.355,9.629999999999999,6.12,10.86,0.17,79.525,-7.109999999999999,4.130000000000001,294.25,71.58,99326.495,700900,
11_26,19.65,27.705,19.23,38.615,0.20500000000000002,46.51,-0.065,-0.45,292.21500000000003,84.41,99392.76500000001,700900,
11_27,9.61,16.025,6.255,9.39,0.18,82.555,-3.6799999999999997,-6.345000000000001,291.74,88.64,99486.08,700900,
11_28,15.34,20.47,8.42,11.165,0.22,81.405,-2.8550000000000004,-5.4350000000000005,291.32000000000005,81.025,99532.685,700900,
11_29,27.975,33.92,10.875,11.155000000000001,0.305,77.36,-5.945,-3.7700000000000005,291.28499999999997,72.495,99733.215,700900,
11_30,17.009999999999998,20.485,7.835,10.585,0.23,73.595,-8.620000000000001,2.54,292.6,73.82,99596.41500000001,700900,
12_1,17.335,21.96,12.76,22.285,0.215,65.955,-2.86,1.755,293.42,71.32,99434.445,700900,
12_2,9.440000000000001,12.645,8.17,15.77,0.175,70.33500000000001,-5.765000000000001,3.45,294.865,73.05,99231.12,700900,
12_3,21.12,28.130000000000003,22.705,36.8,0.215,54.385,-1.5099999999999998,2.1950000000000003,295.865,60.6,99226.63,700900,
12_4,32.16,40.905,23.869999999999997,37.235,0.255,49.465,0.54,0.26,295.335,69.2,99294.715,700900,
12_5,68.75,81.66,16.689999999999998,19.009999999999998,0.52,49.25,-6.625,-3.4699999999999998,293.20000000000005,91.685,99311.765,700900,
12_6,36.86,47.035,15.39,23.645,0.35,46.120000000000005,-2.58,-1.8399999999999999,294.865,83.96000000000001,99199.625,700900,
12_7,20.189999999999998,31.705,7.390000000000001,10.265,0.3,59.760000000000005,-4.175,-9.015,291.20000000000005,92.23,99647.87,700900,
12_8,9.485,19.475,4.6850000000000005,6.744999999999999,0.245,62.63,-6.465,-8.635,290.56,91.875,99830.44,700900,
12_9,11.02,19.92,5.43,7.584999999999999,0.25,61.535,-6.37,-8.084999999999999,290.6,94.39,99753.185,700900,
12_10,9.665,20.44,6.08,10.67,0.23,60.465,-3.3899999999999997,-7.24,292.04999999999995,96.69,99468.035,700900,
12_11,31.23,44.4,12.025,24.409999999999997,0.35,43.730000000000004,-0.22,-7.515000000000001,291.155,94.695,99471.945,700900,
12_12,74.99,89.06,19.225,29.115000000000002,0.61,25.405,-2.815,-8.73,288.205,89.24,99911.86,700900,
12_13,19.79,26.78,7.4,9.145,0.31,65.21000000000001,-5.385,-5.66,289.275,85.19,100001.655,700900,
12_14,17.43,24.369999999999997,6.4350000000000005,7.984999999999999,0.29,70.225,-7.395,-5.78,289.91499999999996,90.055,100010.07,700900,
12_15,11.620000000000001,16.814999999999998,6.23,8.205,0.24,71.75999999999999,-9.11,-2.295,290.715,87.63,99860.58,700900,
12_16,29.455,36.215,13.344999999999999,17.08,0.31,58.905,-0.375,-2.8,289.995,88.68,99638.875,700900,
12_17,44.905,51.894999999999996,18.195,14.465,0.39,60.015,-1.4649999999999999,-6.76,288.02,62.835,99769.235,700900,
12_18,16.03,19.945,11.635,12.935,0.26,65.815,-7.1,-2.05,288.94,56.974999999999994,99805.685,700900,
12_19,14.05,17.075,8.45,10.82,0.245,75.14,-7.13,4.84,291.78,63.74,99559.36499999999,700900,
12_20,23.4,29.885,18.935,32.405,0.25,54.355000000000004,-0.6000000000000001,1.88,292.465,64.785,99314.59,700900,
12_21,23.125,28.85,11.325,16.34,0.25,70.19999999999999,-6.77,-0.905,292.45500000000004,87.22999999999999,99269.87,700900,
12_22,14.995000000000001,19.455,8.79,14.765,0.21500000000000002,71.53,-6.205,1.48,294.51,81.255,99277.57,700900,
12_23,39.42,50.37,11.395,19.29,0.355,57.41,-5.535,-5.824999999999999,291.705,96.435,99435.785,700900,
12_24,28.23,36.35,7.67,8.175,0.35,59.39,-6.715,-6.505,289.775,93.16499999999999,99433.685,700900,
12_25,12.739999999999998,18.65,7.949999999999999,13.11,0.24,56.4,-7.27,1.675,293.68,88.12,99027.18,700900,
12_26,23.775,35.58,12.165,27.159999999999997,0.295,46.525000000000006,-0.135,-5.395,291.62,95.405,98963.915,700900,
12_27,26.02,38.65,10.0,16.085,0.335,49.99,-3.4299999999999997,-8.225,289.28,90.64500000000001,99270.25,700900,
12_28,8.485,16.355,5.1,5.885,0.23,65.81,-6.77,-9.66,287.07500000000005,86.495,99860.195,700900,
12_29,16.0,23.155,8.015,9.865,0.295,57.15,-6.225,-8.25,285.305,84.145,100233.305,700900,
12_30,6.38,12.61,4.35,6.4,0.23,75.89500000000001,-8.155,-7.0,287.105,87.795,100142.2,700900,
12_31,7.035,14.995000000000001,4.79,7.625,0.225,71.28999999999999,-5.83,-7.875,288.07,91.83,100162.48999999999,700900,
